{"eta_seconds":96836.14546084404,"_wandb":{"runtime":5108},"avg_episode_length":253.03,"stage_1_reached_rate":0.99,"_step":49,"episode_length":224,"buffer_size":100000,"elapsed_time":5096.639234781265,"episode_time":5.019370079040527,"water_epsilon":0.01,"success_rate":0.99,"fire_epsilon":0.01,"avg_reward":444.5061044263491,"stage":2,"avg_episode_time":5.965384387969971,"episode":500,"episode_reward":456.1911411969794,"_runtime":5108,"_timestamp":1.76142704338669e+09}